Budai David,system,orcl_admin@gmail.com,davka1997,Willow street 35,21,current_timestamp,2
Palatinus Klaudia,palatinus.klaudia,p.klaudia@gmail.com,pklau1997,Marsal Tito u. 246,21,current_timestamp,2
Feher Gabor,feher.gabor,feher.gabor@gmail.com,fhrgb82,Mikszath Kalman u. 12,23,current_timestamp,0
Fekete Laszlo,fekete.laci,fekete.laci@gmail.com,f8K3L1Gc5,Napnyugati szolok u. 87,35,current_timestamp,0
mackensie.espinoza,MacKensie Espinoza,mattis.semper.dui@Mauris.org,YqQdskhGnrdCRX64,8740 Lorem Av.,36,current_timestamp,0
Vail Jamary,vjamary0,vjamary0@alexa.com,Zu228HKdm7ib,983 Homewood Crossing,78,current_timestamp,0
Yulma Howells,yhowells1,yhowells1@behance.net,hW1R7aWvaE,29 Dawn Road,19,current_timestamp,0
Gino Bezants,gbezants2,gbezants2@usda.gov,NW9K19,67306 Lake View Avenue,32,current_timestamp,0
Melvin Naseby,mnaseby3,mnaseby3@webnode.com,cQbOOhUoSVX,71910 Westport Drive,48,current_timestamp,0
Julianne Whittington,jwhittington4,jwhittington4@privacy.gov.au,edsrbk9K,835 Cody Center,51,current_timestamp,0
Tiffanie Tunkin,ttunkin5,ttunkin5@ycombinator.com,gBLe0Vxlz,23639 Mayer Park,42,current_timestamp,0
Lyndel Minchinton,lminchinton6,lminchinton6@goo.gl,bTC2kO,91 Montana Crossing,68,current_timestamp,0
Dora Moloney,dmoloney7,dmoloney7@engadget.com,Ty8niszqJ,25 Gulseth Circle,22,current_timestamp,0
Price Parminter,pparminter8,pparminter8@csmonitor.com,6II4WGF,492 Oakridge Center,18,current_timestamp,0
Arly Sayers,asayers9,asayers9@cloudflare.com,AOVnJahQ2,48 East Court,53,current_timestamp,0
Maximilianus Coie,mcoiea,mcoiea@list-manage.com,WQlphSuz,2 Cascade Avenue,65,current_timestamp,0
Jena Conklin,jconklinb,jconklinb@nhs.uk,ObEkXG,4 Jay Place,71,current_timestamp,0
Meghan Bramley,mbramleyc,mbramleyc@harvard.edu,23nTnrZ,87 Riverside Junction,25,current_timestamp,0
Livvy Mawford,lmawfordd,lmawfordd@marketwatch.com,hzLsy5XN,208 Amoth Trail,21,current_timestamp,1
Mariam McMenamy,mmcmenamye,mmcmenamye@ibm.com,Cc2CTG,362 Lotheville Junction,59,current_timestamp,1
Frederick Lyard,flyardf,flyardf@wufoo.com,OMcPsfx,66541 Everett Park,40,current_timestamp,0
Helene Lawn,hlawng,hlawng@topsy.com,GkETiNqB1N,397 Melody Court,30,current_timestamp,0
Margareta De Morena,mdeh,mdeh@blogs.com,NlycOXvNUUd2,68 Monument Alley,77,current_timestamp,0
Orelee Shinton,oshintoni,oshintoni@gov.uk,ruldMcS,1500 Sheridan Park,85,current_timestamp,0
Ogdan Bettleson,obettlesonj,obettlesonj@princeton.edu,EQwoijpI3qS,6 Blaine Point,87,current_timestamp,0
Hesther Ferrolli,hferrollik,hferrollik@discovery.com,6IlCtAc,53 Oxford Place,44,current_timestamp,0
Page McElvine,pmcelvinel,pmcelvinel@answers.com,gWXviT,675 Killdeer Circle,15,current_timestamp,0
Kira Diament,kdiamentm,kdiamentm@networkadvertising.org,VpL1Wvx7HJ,52130 Butternut Court,62,current_timestamp,0
Keefer Wilstead,kwilsteadn,kwilsteadn@hc360.com,tPh8y0Apioj,53 Scoville Circle,31,current_timestamp,0
Jordan Folds,jfoldso,jfoldso@google.com,13jkbcek,5963 Rigney Court,53,current_timestamp,0
Sly Marcham,smarchamp,smarchamp@mashable.com,u0q8CktLD6lm,96 Sherman Road,32,current_timestamp,0
Hayden Castenda,hcastendaq,hcastendaq@deviantart.com,oU0Uv1,8 Miller Terrace,38,current_timestamp,0
Tamqrah Worrall,tworrallr,tworrallr@wikimedia.org,u84aFVpX1fiY,494 Canary Point,53,current_timestamp,0
Fitz Mulliner,fmulliners,fmulliners@newyorker.com,9mss1BueHh,6 Bayside Junction,57,current_timestamp,0
Amelina Crutchfield,acrutchfieldt,acrutchfieldt@who.int,K8cC3rhhvC,0327 Schlimgen Lane,73,current_timestamp,0
Trenton Blasoni,tblasoniu,tblasoniu@ed.gov,24R7m225u7,22301 Stephen Hill,82,current_timestamp,0
Joane Plenty,jplentyv,jplentyv@google.com.br,Cpwz4NnwuG,8400 Fordem Plaza,81,current_timestamp,0
Cami McFetridge,cmcfetridgew,cmcfetridgew@elegantthemes.com,XF6lCRM,31796 Bunting Alley,28,current_timestamp,0
Deedee Cyphus,dcyphusx,dcyphusx@dion.ne.jp,HMlPsW,762 Division Alley,43,current_timestamp,0
Celeste Dollar,cdollary,cdollary@360.cn,pE1TYNolq,9830 Talmadge Hill,50,current_timestamp,0
Mercy Quadri,mquadriz,mquadriz@eepurl.com,JYe0tmSl1,04152 Calypso Street,34,current_timestamp,0
Marys Ebhardt,mebhardt10,mebhardt10@usatoday.com,vqi8UtpU,88 Texas Court,52,current_timestamp,0
La verne Gladbeck,lverne11,lverne11@blogs.com,IDexOlgjO0,067 Jana Point,62,current_timestamp,0
Bondy Spriggen,bspriggen12,bspriggen12@noaa.gov,Oj84L3z,5 Fairview Alley,42,current_timestamp,0
Damara Tipling,dtipling13,dtipling13@columbia.edu,oZoCP6MJ6,1 Buhler Pass,88,current_timestamp,0
Drew Hiscoe,dhiscoe14,dhiscoe14@chron.com,P1r49n34Fi,556 Continental Trail,52,current_timestamp,0
Belle Buckwell,bbuckwell15,bbuckwell15@microsoft.com,Hpl7wA,91165 Towne Place,98,current_timestamp,0
Trudie Jinda,tjinda16,tjinda16@google.nl,1ETAWFlxXe,866 Sage Way,99,current_timestamp,0
Charissa Varnals,cvarnals17,cvarnals17@nasa.gov,Z2Nvo5xVgM,33543 American Ash Center,13,current_timestamp,0
Constance Diloway,cdiloway18,cdiloway18@whitehouse.gov,F9o8UKF,62 Vidon Terrace,28,current_timestamp,0
Marney Matschke,mmatschke19,mmatschke19@yandex.ru,0sgaFHL,12 Maryland Avenue,23,current_timestamp,0
Margit Flew,mflew1a,mflew1a@goo.ne.jp,0HDNe0eKAg4e,33 Myrtle Parkway,89,current_timestamp,0
Page Itzkovwitch,pitzkovwitch1b,pitzkovwitch1b@sciencedaily.com,V9G5lh,47 Darwin Place,26,current_timestamp,0
Edin Qualtro,equaltro1c,equaltro1c@naver.com,27BlnEPuSG5,59781 Mcguire Center,37,current_timestamp,0
Hilary Kiggel,hkiggel1d,hkiggel1d@qq.com,yWLHmniV,08 Drewry Point,70,current_timestamp,0
Dev Perelli,dperelli1e,dperelli1e@people.com.cn,EZst66b,65045 Dixon Trail,61,current_timestamp,0
Nicol Hardington,nhardington1f,nhardington1f@economist.com,C4mxpQukQXr,7013 Chive Center,83,current_timestamp,0
Waverly Thomke,wthomke1g,wthomke1g@so-net.ne.jp,PaauLfhpfCd,1719 Summer Ridge Way,62,current_timestamp,0
Arabela Luberti,aluberti1h,aluberti1h@auda.org.au,tRQkCeCr,68138 Graedel Terrace,71,current_timestamp,0
Roth Burnsides,rburnsides1i,rburnsides1i@sfgate.com,5yPRmILTsqy0,5 Welch Lane,53,current_timestamp,0
Read Deare,rdeare1j,rdeare1j@usda.gov,zmWzkQFP,0892 Hermina Avenue,33,current_timestamp,0
Tamera Learmond,tlearmond1k,tlearmond1k@gizmodo.com,tk9BWI1Y5cK,730 Fremont Crossing,48,current_timestamp,0
Leonore Feltoe,lfeltoe1l,lfeltoe1l@google.co.jp,lOHSv3,89359 Steensland Alley,71,current_timestamp,0
Lydon Coulton,lcoulton1m,lcoulton1m@nih.gov,SIyPm4XCKZwZ,99914 Haas Road,43,current_timestamp,0
Birgit Batkin,bbatkin1n,bbatkin1n@theguardian.com,Y9eKosRZCncy,0 Arizona Crossing,32,current_timestamp,0
Jodie Minget,jminget1o,jminget1o@lycos.com,79ox9iYey4N,4 Graedel Drive,53,current_timestamp,0
Carver Sandison,csandison1p,csandison1p@bloomberg.com,SlzryMKX61,7734 Shelley Place,18,current_timestamp,0
Kurt Prenty,kprenty1q,kprenty1q@nydailynews.com,ly37IF1M,57 Bluestem Park,53,current_timestamp,0
Ileane Lippiello,ilippiello1r,ilippiello1r@addthis.com,SPPtm7jb,55 West Park,68,current_timestamp,0
Rafaellle Presman,rpresman1s,rpresman1s@home.pl,v1cfnm,9 Laurel Avenue,38,current_timestamp,0
Pat Oganian,poganian1t,poganian1t@histats.com,QxV2kdJdhO,15 Dorton Way,83,current_timestamp,0
Viv Avo,vavo1u,vavo1u@blogger.com,kIFB3zxX,08431 Eastlawn Drive,41,current_timestamp,0
Agnola Recke,arecke1v,arecke1v@godaddy.com,brW3phKyFHH,0 Crest Line Street,88,current_timestamp,0
Dallon Suermeier,dsuermeier1w,dsuermeier1w@about.me,R5Vo6qCG,73869 Sachtjen Alley,92,current_timestamp,0
Licha Sample,lsample1x,lsample1x@slate.com,hEzspMAC,150 Arizona Plaza,58,current_timestamp,0
Blinny Sansun,bsansun1y,bsansun1y@unc.edu,rcDmJh,93 Steensland Drive,72,current_timestamp,0
Stevena Josse,sjosse1z,sjosse1z@tripadvisor.com,PkKuu208n,92753 Shelley Avenue,55,current_timestamp,0
Candy Pankettman,cpankettman20,cpankettman20@scribd.com,5yOUgrEENM3,4 Melrose Park,77,current_timestamp,0
Hatty Lamminam,hlamminam21,hlamminam21@ow.ly,EyaLLKZ,3547 Logan Circle,73,current_timestamp,0
Valenka McPhater,vmcphater22,vmcphater22@constantcontact.com,A7RW28FYq1G,632 Westerfield Place,83,current_timestamp,0
Sean Bassingham,sbassingham23,sbassingham23@independent.co.uk,h0WPVI5NP1W,95 Lakeland Junction,77,current_timestamp,0
Nicki Crevagh,ncrevagh24,ncrevagh24@wix.com,ElZbiU57e,93234 Hoffman Court,55,current_timestamp,0
Lem Gunnell,lgunnell25,lgunnell25@diigo.com,VzKe5Yba,3723 Sunbrook Junction,96,current_timestamp,0
Shawn Harvatt,sharvatt26,sharvatt26@washingtonpost.com,Y6VMO6SWpb,67 Westend Way,26,current_timestamp,0
Rafferty Bagnold,rbagnold27,rbagnold27@so-net.ne.jp,jTKlcz,8 Moose Junction,75,current_timestamp,0
Ellie Deerness,edeerness28,edeerness28@wiley.com,hYifWNEo,68 Banding Park,97,current_timestamp,0
Mariam Kippie,mkippie29,mkippie29@woothemes.com,SCRC1J,23895 Loftsgordon Center,79,current_timestamp,0
Philip Olivetti,polivetti2a,polivetti2a@opera.com,x832KgIZ8p,3070 Namekagon Parkway,33,current_timestamp,0
Kirstin Suermeiers,ksuermeiers2b,ksuermeiers2b@answers.com,7xaQkwvhxasG,10 Ronald Regan Point,27,current_timestamp,0
Ailey Glyn,aglyn2c,aglyn2c@scientificamerican.com,DWctZTEP4H2,42777 Beilfuss Parkway,26,current_timestamp,0
Paul Greenset,pgreenset2d,pgreenset2d@qq.com,cKgC80O,3 Randy Place,67,current_timestamp,0
Jordan Sarjeant,jsarjeant2e,jsarjeant2e@wsj.com,cSD5XKh,3 Hoffman Road,35,current_timestamp,0
Valera Scampion,vscampion2f,vscampion2f@livejournal.com,wXCvIqV,7 Barnett Park,91,current_timestamp,0
Frank Ayce,fayce2g,fayce2g@google.com,DsYEUF7Q,95204 Melvin Street,29,current_timestamp,0
Alec Teasell,ateasell2h,ateasell2h@bing.com,0GV1A1YcQrh9,48 Nancy Hill,80,current_timestamp,0
Lancelot McAvey,lmcavey2i,lmcavey2i@netlog.com,foT8pLjDDBfP,351 Northfield Drive,45,current_timestamp,0
Lillian Jagger,ljagger2j,ljagger2j@nasa.gov,21a8KQ,99583 Myrtle Trail,12,current_timestamp,0
Matthias Birchwood,mbirchwood2k,mbirchwood2k@plala.or.jp,vCvpVvk,656 Jenna Way,68,current_timestamp,0
Nevin Fitzsymons,nfitzsymons2l,nfitzsymons2l@vimeo.com,i5sTUyXrj,5592 Rigney Pass,64,current_timestamp,0
Vinson Brattan,vbrattan2m,vbrattan2m@utexas.edu,DMNiaA,04 Kings Drive,68,current_timestamp,0
Marcille FitzGibbon,mfitzgibbon2n,mfitzgibbon2n@ftc.gov,6VKXzo,48 Northfield Drive,79,current_timestamp,0
Judas Hudson,jhudson2o,jhudson2o@deviantart.com,arPjOjoG4JgN,814 Banding Junction,88,current_timestamp,0
Carlie Buddles,cbuddles2p,cbuddles2p@wix.com,l0wvh9,42497 Springview Junction,28,current_timestamp,0
Alvy Jollye,ajollye2q,ajollye2q@foxnews.com,7VppEN,9890 Mandrake Lane,62,current_timestamp,0
Devon Gorges,dgorges2r,dgorges2r@statcounter.com,NAj8cjiMZKBa,33 Bultman Terrace,38,current_timestamp,0